,JAN,FEB,MAR,APR,MAY,JUNE,JULY,AUG,SEP,OCT,NOV,DEC,YEAR,SUBDIVISION
0,58.475822,36.501163,37.21551,115.37627,382.65332,359.36472,552.36646,457.5946,408.8219,324.31165,220.20786,123.62467,2016,ANDAMAN & NICOBAR ISLANDS
1,32.996502,80.82031,141.98485,234.74623,268.2178,414.06558,561.85,493.48132,348.49905,195.49217,17.66785,0.0,2016,ARUNACHAL PRADESH
2,6.0960283,23.869741,61.607906,152.12811,286.7852,394.83148,481.62115,434.86868,285.63943,161.79866,0.0,0.0,2016,ASSAM & MEGHALAYA
3,12.068513,18.39292,51.26057,123.50762,239.83307,323.88916,385.8173,363.76657,256.94455,170.50261,38.1827,0.0,2016,NAGA MANI MIZO TRIPURA
4,11.366817,21.13292,30.595743,104.63965,262.04315,420.32224,625.8728,556.378,382.41882,125.959915,18.185722,0.0,2016,SUB HIMALAYAN WEST BENGAL & SIKKIM
5,16.222534,29.374413,26.924831,54.411682,123.73469,270.6176,383.09167,356.25458,258.8746,94.49818,32.17825,0.0,2016,GANGETIC WEST BENGAL
6,10.921959,13.384059,8.542592,36.516365,67.289375,171.87396,382.5408,351.2213,231.8357,115.73762,28.169815,0.0,2016,ORISSA
7,21.332592,17.937336,3.6587465,13.575577,61.28259,153.87306,354.93927,328.8079,195.03703,88.87497,9.441563,0.0,2016,JHARKHAND
8,18.411337,15.968255,4.47681,17.921902,78.85615,102.01371,344.9577,280.94547,199.0746,48.05008,10.959895,0.0,2016,BIHAR
9,22.7855,8.461264,0.0,13.374751,31.700993,99.69049,324.3772,286.0941,157.82549,56.76622,0.0,0.0,2016,EAST UTTAR PRADESH
10,20.937471,18.15948,8.801243,18.616056,35.242306,83.33716,287.13132,245.10776,135.87405,53.03881,0.0,0.0,2016,WEST UTTAR PRADESH
11,69.8917,36.95968,30.05034,17.486206,63.350998,135.37859,401.45853,361.28732,156.66852,32.27337,0.0,22.189367,2016,UTTARAKHAND
12,27.252642,17.926945,2.6437852,11.276382,37.267914,53.44202,184.14467,121.2209,48.822857,34.44798,0.0,0.0,2016,HARYANA DELHI & CHANDIGARH
13,28.6274,26.209566,18.134453,13.625707,39.814148,30.790255,198.97668,109.70941,75.994644,30.864798,0.0,0.0,2016,PUNJAB
14,97.42453,77.15576,69.60028,63.11548,77.86929,85.01235,336.43695,255.55522,123.887146,50.378227,10.203905,32.624645,2016,HIMACHAL PRADESH
15,104.22357,102.83683,125.28849,98.27553,105.95876,48.213585,112.83094,165.3326,78.17723,34.061676,20.436296,40.45252,2016,JAMMU & KASHMIR
16,7.1329937,0.0,0.0,8.248753,39.579903,16.660278,148.67978,98.26241,36.883095,11.284127,5.7147584,0.0,2016,WEST RAJASTHAN
17,8.587172,4.224213,0.0,4.6323256,28.392288,59.899986,319.18457,251.40514,95.061424,44.102703,0.0,0.0,2016,EAST RAJASTHAN
18,13.55395,9.763476,0.0,12.580987,46.230465,129.17072,380.10028,314.7141,168.95403,54.500553,15.200066,0.14269175,2016,WEST MADHYA PRADESH
19,24.912209,21.707296,6.687393,3.0530539,50.379196,125.5756,423.85132,372.63318,162.78062,55.8129,0.0,0.0,2016,EAST MADHYA PRADESH
20,3.0196745,0.0,0.0,6.531916,21.663157,149.92567,384.15366,255.31085,111.80725,35.030098,8.342485,0.0,2016,GUJARAT REGION
21,0.0,0.0,0.0,11.432737,0.0,61.39137,340.86246,129.40213,86.88079,35.431793,13.632922,0.0,2016,SAURASHTRA & KUTCH
22,2.8491604,0.0,0.0,16.655882,20.321377,617.9854,1128.61,774.98676,374.7861,102.44314,3.1363451,0.0,2016,KONKAN & GOA
23,8.299079,0.0,0.0,12.431318,31.57586,124.07414,355.4265,230.3314,144.52512,87.91182,0.0,0.0,2016,MADHYA MAHARASHTRA
24,0.0,0.0,0.0,7.7268806,31.1097,98.74017,224.2537,176.29425,149.57698,66.80131,6.399702,0.0,2016,MATATHWADA
25,13.400712,17.826843,8.7184725,11.214354,39.083725,136.97664,398.84543,307.70837,164.5466,58.88994,14.738924,0.0,2016,VIDARBHA
26,20.279886,18.81107,6.965161,31.199774,38.982445,167.57762,422.07895,414.87985,205.10779,62.97706,15.942566,0.0,2016,CHHATTISGARH
27,13.585654,16.667967,0.0,42.117813,106.36471,79.670715,182.3397,190.5505,158.38853,214.23332,91.05835,6.513085,2016,COASTAL ANDHRA PRADESH
28,7.6531487,9.526344,3.4593332,24.35654,40.23942,114.86254,307.6874,247.0549,169.0966,88.2665,23.153717,0.0,2016,TELANGANA
29,15.655523,3.3399494,4.710037,20.777216,72.57925,49.338696,215.35564,80.41766,126.303215,182.86102,116.33917,40.92747,2016,RAYALSEEMA
30,15.179519,3.9404178,9.615973,42.083973,79.97549,104.92856,199.95345,99.00643,110.417885,211.30965,171.69437,61.828472,2016,TAMIL NADU
31,17.651691,0.0,0.0,0.0,96.3649,648.00977,758.43536,473.7758,160.51442,146.54282,25.5824,31.756973,2016,COASTAL KARNATAKA
32,0.0,0.0,47.44484,50.89509,91.28099,55.05025,201.74408,186.55937,146.71733,136.53244,29.714775,0.0,2016,NORTH INTERIOR KARNATAKA
33,17.341063,32.172665,0.0,90.14342,74.769554,299.28583,613.57764,306.66928,88.802956,141.85663,10.923915,6.688322,2016,SOUTH INTERIOR KARNATAKA
34,21.199667,0.0,27.678442,92.77133,278.31348,515.0092,635.16064,414.5955,215.66115,333.35678,154.6183,73.89055,2016,KERALA
35,19.091532,40.23275,45.030643,53.87781,119.682236,426.69232,708.50836,465.48083,383.95746,128.65863,161.33255,41.152866,2016,LAKSHADWEEP
0,58.507404,30.583431,34.494247,100.13775,351.5587,406.2693,569.47974,504.54962,374.4454,324.42163,220.14087,118.95908,2017,ANDAMAN & NICOBAR ISLANDS
1,50.20975,72.08163,139.06421,225.8587,238.60081,531.86615,618.98315,505.35934,387.74963,222.64906,9.800209,0.0,2017,ARUNACHAL PRADESH
2,20.516006,11.259185,56.911835,150.39297,250.32285,442.6039,505.02692,439.50238,303.2883,175.47679,24.800129,0.0,2017,ASSAM & MEGHALAYA
3,0.0,19.272234,54.318264,144.3999,153.4633,436.3897,538.12744,393.15387,286.53262,113.27802,51.81602,0.0,2017,NAGA MANI MIZO TRIPURA
4,44.409042,34.51009,49.92106,121.21758,267.6108,479.38278,548.83057,553.65845,349.0541,115.77666,40.721703,0.0,2017,SUB HIMALAYAN WEST BENGAL & SIKKIM
5,22.141396,41.781357,9.594812,63.9774,153.3407,274.4775,327.35135,203.33273,182.31183,139.15556,12.068265,0.0,2017,GANGETIC WEST BENGAL
6,0.6364795,28.484015,32.119293,50.93265,38.904366,230.42435,558.9596,498.44965,337.25848,73.41607,32.74939,0.0,2017,ORISSA
7,33.615776,31.207973,24.27565,40.152523,17.824108,207.22244,493.65085,345.04156,203.8301,57.45034,0.0,0.0,2017,JHARKHAND
8,77.10653,0.0,0.0,0.0,120.54577,69.95652,546.2713,275.19785,204.54408,125.418495,0.0,11.473374,2017,BIHAR
9,12.539195,8.6641445,5.088723,16.105907,29.332582,88.4062,338.68262,294.75824,169.03596,52.217155,0.0,0.0,2017,EAST UTTAR PRADESH
10,0.0,0.0,48.011204,5.8524923,40.93394,85.81772,541.7682,501.1656,216.55414,3.3786533,0.0,0.0,2017,WEST UTTAR PRADESH
11,70.41652,24.990995,65.14697,43.528255,64.356766,154.02286,529.5049,373.71872,204.50102,43.17003,0.0,50.13161,2017,UTTARAKHAND
12,21.206438,19.150621,2.1383903,11.852694,36.8184,46.994892,202.95789,144.87975,67.12539,31.52814,0.0,0.0,2017,HARYANA DELHI & CHANDIGARH
13,59.633545,32.00129,29.24342,39.892548,0.0,0.0,231.32266,80.34252,41.79679,0.0,0.0,17.250334,2017,PUNJAB
14,71.4402,105.525566,99.32424,62.32989,62.218704,258.29486,377.65945,270.02185,112.79233,66.64661,46.480263,20.807682,2017,HIMACHAL PRADESH
15,83.514755,63.625763,79.2026,65.56966,146.95569,0.0,226.03146,271.19553,83.75344,78.31725,21.287249,60.149277,2017,JAMMU & KASHMIR
16,0.0,0.0,8.136582,62.027485,34.04861,68.18885,36.42062,179.31107,0.0,0.0,0.0,0.0,2017,WEST RAJASTHAN
17,13.066164,41.336956,45.969654,30.359596,0.0,163.46346,370.94785,345.48477,173.1312,0.0,29.862862,0.0,2017,EAST RAJASTHAN
18,0.0,16.230318,0.0,23.392889,96.140335,213.3244,232.07596,423.80997,61.380943,149.42265,0.0,0.0,2017,WEST MADHYA PRADESH
19,16.822695,21.934837,0.0,7.7284055,97.55466,37.731346,290.8435,289.97427,144.47745,56.52027,0.0,31.585075,2017,EAST MADHYA PRADESH
20,0.0,7.16552,0.0,2.5944884,74.108955,45.358166,125.39163,235.0169,19.440577,9.562752,43.83713,0.0,2017,GUJARAT REGION
21,0.0,27.771687,0.0,38.37944,82.05839,129.51732,163.9555,139.00867,162.91685,48.85412,0.0,0.0,2017,SAURASHTRA & KUTCH
22,0.0,0.0,0.0,0.0,79.773285,492.61487,782.2218,592.13947,261.39783,140.311,0.0,0.2884223,2017,KONKAN & GOA
23,0.0,0.0,51.772377,5.8243995,0.0,194.47046,586.5398,294.7225,172.63855,117.35392,25.895658,0.0,2017,MADHYA MAHARASHTRA
24,0.0,0.0,42.753593,18.06704,44.880745,168.83286,325.28333,294.32874,220.50206,138.77562,0.0,3.688286,2017,MATATHWADA
25,0.0,4.218856,3.6632607,12.759688,36.56542,200.04286,295.1554,269.1886,196.23898,83.912186,42.105972,3.4420216,2017,VIDARBHA
26,4.1935086,0.0,27.133827,17.45689,0.0,67.02556,482.86057,369.3898,133.31839,72.680664,0.0,0.0,2017,CHHATTISGARH
27,0.0,0.0,10.148215,47.114937,56.794537,0.0,69.81518,124.60684,212.56033,178.88022,114.22643,1.4206151,2017,COASTAL ANDHRA PRADESH
28,0.0,0.0,0.0,1.0575596,54.513996,78.920135,320.70453,229.83391,196.5836,50.215145,43.897846,0.0,2017,TELANGANA
29,14.281017,2.0168066,0.0,16.320816,72.682365,0.8246983,96.87422,80.70325,124.504906,172.65398,96.68394,54.524914,2017,RAYALSEEMA
30,39.499607,27.491034,22.339005,48.482113,141.90878,200.80156,470.57858,244.71011,149.57318,202.23706,104.98278,69.536285,2017,TAMIL NADU
31,0.0,37.533672,46.590717,31.81081,133.3495,450.88123,632.20544,436.39258,84.86783,196.78812,33.814518,0.0,2017,COASTAL KARNATAKA
32,47.08789,14.861711,30.319977,76.63225,81.6793,61.022217,270.61536,170.35655,171.05983,135.11697,0.0,0.0,2017,NORTH INTERIOR KARNATAKA
33,19.634699,0.0,52.84817,49.26762,69.96374,181.82123,812.982,233.14568,191.90001,175.60786,55.062008,51.57038,2017,SOUTH INTERIOR KARNATAKA
34,53.878178,2.1547136,0.0,32.889687,260.71786,441.42978,572.6534,266.9166,271.2343,262.4394,191.74664,46.273705,2017,KERALA
35,52.187595,0.0,0.0,40.737053,167.30927,470.46094,703.6403,376.59467,298.982,120.0669,143.65324,74.17971,2017,LAKSHADWEEP
0,72.29564,20.691956,20.484932,84.743645,332.9999,439.76212,510.4775,486.40176,413.00684,284.1827,212.1504,130.15836,2018,ANDAMAN & NICOBAR ISLANDS
1,51.884865,72.985664,122.55446,224.8559,216.21774,505.73755,665.12555,517.0659,346.55374,186.163,9.234194,25.73301,2018,ARUNACHAL PRADESH
2,19.13526,16.559578,54.310577,144.26381,245.66444,386.76886,537.70917,464.18445,275.77258,172.13031,8.229508,18.342556,2018,ASSAM & MEGHALAYA
3,0.0,0.0,0.0,87.3637,171.10095,393.20844,683.28564,292.06375,166.63936,76.93788,71.24085,14.782743,2018,NAGA MANI MIZO TRIPURA
4,36.27115,39.94664,17.710255,115.879616,265.54794,555.3393,552.55945,441.4416,406.3972,142.7269,0.0,0.0,2018,SUB HIMALAYAN WEST BENGAL & SIKKIM
5,38.098206,65.53419,60.046658,47.258434,182.55457,211.7391,120.38943,118.60869,231.05717,234.32309,25.152094,0.0,2018,GANGETIC WEST BENGAL
6,27.901497,20.90495,0.0,52.520054,78.46755,367.9775,694.1796,649.2665,379.5516,85.875854,35.364353,0.0,2018,ORISSA
7,41.719616,19.470768,18.532732,10.676635,60.86766,288.96188,564.8359,358.7066,179.03802,70.01701,38.581852,0.0,2018,JHARKHAND
8,40.261158,6.514221,18.35089,0.0,90.65679,7.5595303,550.55896,404.56305,235.35896,48.537468,0.0,0.0,2018,BIHAR
9,20.144697,11.045327,1.043173,9.338253,27.785637,100.40645,312.81274,298.38177,187.23682,47.560135,0.0,0.0,2018,EAST UTTAR PRADESH
10,31.724531,0.0,17.367916,0.0,0.0,383.93564,762.26355,507.32742,256.06525,0.0,37.39467,52.86082,2018,WEST UTTAR PRADESH
11,75.080826,21.336319,51.608353,47.37953,6.407993,266.51123,438.60266,409.3972,211.17001,0.0,24.830965,45.01641,2018,UTTARAKHAND
12,17.281057,22.068384,6.507799,15.726256,41.232826,44.101246,206.16647,136.1693,66.839,26.241167,0.0,0.0,2018,HARYANA DELHI & CHANDIGARH
13,41.26147,52.381107,47.996616,1.2971289,43.86857,0.0,325.98746,65.57737,0.0,1.4207642,0.0,24.65379,2018,PUNJAB
14,41.726936,90.29473,102.73314,136.06868,60.00806,351.39014,292.256,272.66003,151.00342,72.13733,78.85165,15.134284,2018,HIMACHAL PRADESH
15,75.03678,75.90835,59.537758,25.863451,117.684975,0.0,138.80923,252.54335,105.72909,15.719127,0.0,60.564148,2018,JAMMU & KASHMIR
16,0.0,6.196737,66.87839,74.21892,69.367744,0.0,136.2895,184.35983,48.006992,105.52172,0.0,0.0,2018,WEST RAJASTHAN
17,0.0,35.34576,40.73986,25.78185,15.65463,346.76062,481.2757,464.6933,223.53654,101.78538,0.0,0.0,2018,EAST RAJASTHAN
18,0.0,27.037981,13.38812,32.67862,76.09602,87.98275,91.78213,217.50298,161.72314,96.93651,0.0,43.41321,2018,WEST MADHYA PRADESH
19,0.0,42.647243,9.719363,0.36412472,104.91726,0.0,202.01015,307.15854,178.31122,74.867386,0.0,0.29149327,2018,EAST MADHYA PRADESH
20,0.0,0.0,0.0,18.501787,207.49467,0.0,71.78192,129.48651,54.81835,5.3610024,52.98699,2.612469,2018,GUJARAT REGION
21,0.0,15.542334,0.0,78.30156,167.81561,147.7404,60.074898,227.0381,269.51672,110.275,0.0,17.066996,2018,SAURASHTRA & KUTCH
22,1.2586924,0.0,0.0,13.755299,46.300713,175.64578,483.73193,417.0073,305.90594,59.406425,82.258995,0.0,2018,KONKAN & GOA
23,31.897627,0.0,27.427845,9.057121,0.0,291.00323,568.2978,229.21133,227.8225,87.479965,88.57649,40.623608,2018,MADHYA MAHARASHTRA
24,25.449003,14.494791,43.43499,31.78066,0.0,268.27463,420.2335,314.89462,295.60953,94.17164,0.0,0.0,2018,MATATHWADA
25,33.883022,4.2968636,0.0,0.0,69.60032,107.697205,106.23728,206.6428,177.68584,67.88313,0.0,25.095106,2018,VIDARBHA
26,39.531742,0.0,33.57722,15.87729,0.0,3.9366908,448.0513,348.11844,64.40135,11.465199,8.416726,0.0,2018,CHHATTISGARH
27,18.614414,0.0,0.0,69.068825,131.75055,0.0,0.0,186.16354,198.09648,135.56287,57.36058,0.0,2018,COASTAL ANDHRA PRADESH
28,16.870216,0.0,0.0,51.182312,47.53686,179.66368,378.5539,368.38525,176.62271,113.0155,86.16575,0.0,2018,TELANGANA
29,0.6917019,0.0,0.0,86.06738,68.56206,110.047104,3.9603536,207.25983,141.69576,181.39583,111.218796,30.045918,2018,RAYALSEEMA
30,3.85616,33.26745,102.65519,0.0,156.16832,126.75055,675.7163,209.34367,184.46301,114.22155,71.32258,32.11149,2018,TAMIL NADU
31,0.0,18.215647,9.469769,0.0,40.163185,434.17966,615.078,132.21098,238.80196,243.50052,0.0,0.0,2018,COASTAL KARNATAKA
32,11.948187,12.852856,55.155613,43.440685,89.69233,231.10887,835.9013,316.93115,61.21239,106.41926,98.27674,13.151257,2018,NORTH INTERIOR KARNATAKA
33,84.22079,0.0,4.3410144,87.522995,108.58883,433.4805,649.7677,238.99937,241.35014,197.34167,108.39384,30.908772,2018,SOUTH INTERIOR KARNATAKA
34,78.63848,7.3258615,0.0,2.6847613,203.42406,609.4718,685.55554,379.56253,142.42326,172.80498,164.71898,19.41037,2018,KERALA
35,0.0,86.103424,6.2926254,73.259674,266.16797,347.1078,506.28235,526.6581,166.11253,158.51988,38.709026,11.323813,2018,LAKSHADWEEP
0,70.12004,23.17578,28.07614,83.12674,342.9023,419.90756,400.2824,410.41284,423.08276,285.9592,211.2769,117.85118,2019,ANDAMAN & NICOBAR ISLANDS
1,25.181406,70.79013,120.236465,213.37503,236.32819,497.67325,603.9294,462.9044,380.1817,197.29607,0.9362651,37.011536,2019,ARUNACHAL PRADESH
2,8.828599,15.879178,48.166996,136.54681,289.20148,390.7547,514.9242,402.64124,303.6256,174.0259,0.0,13.546892,2019,ASSAM & MEGHALAYA
3,0.0,0.62625784,0.0,73.58511,155.46025,414.033,540.88275,431.3222,186.01544,105.651146,72.91076,0.0,2019,NAGA MANI MIZO TRIPURA
4,55.741173,59.8652,4.8195963,100.10602,269.74078,521.8948,808.35114,493.4124,356.39688,151.36804,2.8696833,57.775265,2019,SUB HIMALAYAN WEST BENGAL & SIKKIM
5,30.0171,39.54331,37.825848,69.52619,201.38492,219.95424,201.27405,64.89561,188.67792,238.19212,84.253296,14.531468,2019,GANGETIC WEST BENGAL
6,50.577763,58.067593,0.1929892,65.26823,118.15625,388.18146,717.9454,728.61664,328.55228,31.661264,38.231647,0.0,2019,ORISSA
7,67.20809,43.14623,108.73953,43.4844,62.090958,169.06685,373.82858,394.92245,197.25748,78.119576,0.0,16.601313,2019,JHARKHAND
8,31.966509,16.553635,5.1201816,0.0,177.68864,0.0,524.17773,246.21347,233.55104,38.52397,0.0,0.0,2019,BIHAR
9,15.375524,12.738814,6.4453,17.179678,31.87579,110.62251,332.88507,299.30807,186.9492,53.393925,0.0,0.0,2019,EAST UTTAR PRADESH
10,0.0,0.0,21.132288,0.0,0.0,376.22028,665.466,540.7765,191.69156,4.361293,0.0,1.3592913,2019,WEST UTTAR PRADESH
11,38.600048,9.939123,45.029217,43.148754,0.0,241.05586,254.41925,440.43835,215.62967,0.0,21.139046,0.0,2019,UTTARAKHAND
12,20.864075,22.364262,10.589178,20.824747,47.84832,45.02969,192.35909,162.10568,65.31676,26.706875,0.0,0.0,2019,HARYANA DELHI & CHANDIGARH
13,57.22676,48.59903,56.118538,41.021572,72.279106,0.0,250.49037,145.97893,55.703926,0.0,16.56186,29.629097,2019,PUNJAB
14,83.28885,94.33458,77.63175,105.809105,68.90671,273.67892,354.22534,416.65012,52.77924,142.2274,62.163486,23.953773,2019,HIMACHAL PRADESH
15,49.4368,72.15977,68.40629,3.180589,131.80592,11.154261,255.35175,239.41875,152.8081,0.0,14.465668,41.65446,2019,JAMMU & KASHMIR
16,0.0,0.0,82.34684,109.39137,101.155594,0.0,82.70215,127.24965,94.248375,141.85254,13.867917,14.477975,2019,WEST RAJASTHAN
17,55.71057,8.99155,35.859886,31.122465,55.46272,414.64706,746.95715,547.18134,197.49617,61.386677,5.98463,0.0,2019,EAST RAJASTHAN
18,0.0,0.0,0.0,0.0,111.2856,143.30875,163.86374,196.62811,40.299316,166.8253,10.573178,31.973452,2019,WEST MADHYA PRADESH
19,2.4800277,6.4719167,0.0,1.6205864,50.32884,0.0,296.0382,137.80524,238.50938,85.465775,0.0,0.0,2019,EAST MADHYA PRADESH
20,0.0,19.39591,0.0,18.217499,229.6189,33.403008,230.87894,183.49402,173.39981,42.890133,61.589264,0.0,2019,GUJARAT REGION
21,0.0,10.083973,59.17451,66.20321,101.25652,154.04669,18.956871,255.71643,204.36456,166.23814,0.0,58.51379,2019,SAURASHTRA & KUTCH
22,0.0,5.3011994,0.0,49.479816,0.0,226.86583,276.2637,267.0587,424.75076,97.452866,10.708753,0.0,2019,KONKAN & GOA
23,0.0,0.0,1.5215472,14.1876955,0.0,328.0934,689.3165,389.03717,116.57451,100.147125,40.520607,4.6647525,2019,MADHYA MAHARASHTRA
24,0.0,14.191803,48.933937,32.343765,0.0,233.81824,462.46634,270.19904,197.35991,45.867126,0.0,0.0,2019,MATATHWADA
25,0.0,13.395032,0.0,10.341348,44.109016,53.78287,108.3826,209.75258,113.47245,112.763176,0.0,4.0701413,2019,VIDARBHA
26,35.723618,0.0,11.895217,41.850967,0.0,36.788124,352.66867,271.21008,166.97221,0.0,13.471444,0.0,2019,CHHATTISGARH
27,1.1156591,11.424715,5.7234397,24.420555,194.35298,0.0,41.163975,203.7634,157.46034,99.41279,18.08842,0.0,2019,COASTAL ANDHRA PRADESH
28,32.245304,9.436675,25.06352,49.99171,167.14575,138.62181,358.85303,420.48865,269.16757,88.66427,57.856762,0.0,2019,TELANGANA
29,14.648883,0.0,0.0,35.51789,0.0,188.11198,0.0,48.619892,211.71863,165.1788,123.8852,26.049017,2019,RAYALSEEMA
30,5.2094736,14.905228,80.04567,37.138123,136.5958,165.62398,595.8337,204.99092,67.979614,146.34105,81.640434,0.0,2019,TAMIL NADU
31,5.448907,54.66766,102.442924,39.674606,204.30504,494.77582,1002.7105,412.24753,178.94862,231.71898,34.66632,96.51335,2019,COASTAL KARNATAKA
32,38.424637,26.156527,58.052677,32.88101,40.367134,268.37622,541.21716,456.32486,221.70123,53.15156,142.23755,0.0,2019,NORTH INTERIOR KARNATAKA
33,56.46217,20.884,0.0,67.503494,146.165,353.56073,593.9083,333.00122,184.61935,161.93835,101.040245,81.80281,2019,SOUTH INTERIOR KARNATAKA
34,0.0,40.75928,48.694775,25.344887,196.81068,546.4739,630.0337,453.67917,281.89987,66.27475,142.04103,22.976942,2019,KERALA
35,95.16978,32.889217,0.0,98.63561,186.44923,209.51306,447.14523,271.54916,97.371796,111.03252,126.38241,6.336459,2019,LAKSHADWEEP
0,62.62538,32.726257,42.67476,91.211716,347.0475,369.16296,457.9468,454.95703,405.00986,296.19922,220.1826,117.59051,2020,ANDAMAN & NICOBAR ISLANDS
1,32.787903,80.923965,123.492546,225.13373,250.91498,493.0813,626.9644,523.9158,374.6631,200.99197,13.85148,25.504951,2020,ARUNACHAL PRADESH
2,12.221787,21.67824,58.97146,145.26707,264.46326,388.841,549.484,463.01712,285.42175,160.81065,15.924358,12.208531,2020,ASSAM & MEGHALAYA
3,35.383762,41.682575,0.30612376,51.967014,246.62088,300.55777,753.66095,555.3443,258.5346,113.819405,82.452065,0.0,2020,NAGA MANI MIZO TRIPURA
4,30.152111,58.520805,27.998884,86.14548,232.7806,332.67078,862.7673,567.57184,354.85687,180.93924,22.004358,0.0,2020,SUB HIMALAYAN WEST BENGAL & SIKKIM
5,0.0,60.045208,30.347164,71.92027,132.06754,199.28796,298.70145,77.04809,150.20174,215.08493,79.46116,0.0,2020,GANGETIC WEST BENGAL
6,67.24448,6.3817453,0.0,43.906246,106.374146,354.43115,770.788,666.93134,229.87636,56.188942,36.1848,0.0,2020,ORISSA
7,34.089725,22.580082,61.956284,44.5582,61.310276,45.386852,422.01184,303.385,225.56483,44.222404,0.0,7.2594237,2020,JHARKHAND
8,0.0,15.209237,0.0,0.0,46.793583,249.39,330.30545,281.2469,239.53876,4.98511,0.0,0.0,2020,BIHAR
9,13.386657,14.674857,7.8355417,17.922966,32.485924,93.525215,345.58203,315.809,179.82051,55.607677,0.0,0.0,2020,EAST UTTAR PRADESH
10,0.0,0.0,4.1642404,36.167793,13.316937,385.92462,419.66577,454.6218,259.0354,74.44188,0.0,13.655644,2020,WEST UTTAR PRADESH
11,0.0,2.9442892,0.0,53.13666,3.5155761,199.16354,333.07788,358.08197,190.78069,20.368765,0.62803483,0.0,2020,UTTARAKHAND
12,21.13235,25.641548,9.612519,20.845213,51.87923,39.99768,212.32404,171.62726,73.21622,22.792128,0.0,0.0,2020,HARYANA DELHI & CHANDIGARH
13,57.629997,70.669754,110.69456,44.599815,64.21032,0.0,214.64473,198.99396,99.96314,74.389534,0.0,34.13511,2020,PUNJAB
14,60.608467,75.76119,107.95335,124.19946,134.64725,132.06613,281.463,137.17458,0.0,44.61612,4.540946,6.9625435,2020,HIMACHAL PRADESH
15,39.74231,56.47075,12.555194,13.9429035,38.25599,189.27853,344.24335,687.94617,317.42148,29.880116,58.229618,7.021833,2020,JAMMU & KASHMIR
16,0.0,0.0,93.20862,17.95856,168.19516,46.974987,358.74805,241.84674,148.29942,241.57028,50.22192,64.03427,2020,WEST RAJASTHAN
17,51.63809,0.0,36.264717,58.39986,86.31226,278.919,738.9531,647.8966,244.93513,105.855644,0.0,0.0,2020,EAST RAJASTHAN
18,0.0,0.0,49.58044,0.0,151.64091,246.08604,181.90695,183.85873,125.38671,154.76709,11.746226,36.564358,2020,WEST MADHYA PRADESH
19,24.422123,15.035963,12.642829,15.936269,74.71898,96.08646,220.8943,163.91759,132.85205,128.00241,0.0,40.430695,2020,EAST MADHYA PRADESH
20,0.0,14.514855,7.767608,5.363519,136.62257,128.4893,396.66504,91.08976,114.9122,43.152832,63.44364,27.716415,2020,GUJARAT REGION
21,0.0,7.809718,30.982958,90.35041,52.684204,75.760315,159.22972,167.55484,38.021328,106.32486,0.0,0.0,2020,SAURASHTRA & KUTCH
22,0.0,27.095394,0.0,33.5313,68.3867,229.8886,408.5903,246.45784,285.3329,165.25679,31.320953,11.664437,2020,KONKAN & GOA
23,0.0,0.0,0.0,33.262814,36.49479,265.22232,645.21423,467.87115,181.23595,50.113876,28.182346,0.0,2020,MADHYA MAHARASHTRA
24,31.43373,15.204556,2.8957076,13.325854,42.82968,117.7643,335.7247,238.13052,177.78902,3.581868,0.0,0.0,2020,MATATHWADA
25,0.0,20.2982,50.600475,13.671801,17.15501,161.25285,119.88443,180.54645,46.92141,101.46536,45.89169,39.8897,2020,VIDARBHA
26,8.581753,0.0,29.60201,39.433453,0.0,155.22812,162.31024,248.09142,198.73022,0.0,33.054447,27.423513,2020,CHHATTISGARH
27,9.626751,0.0,9.049129,29.706749,152.83875,0.0,22.889868,340.27432,193.43799,114.99633,51.806553,0.0,2020,COASTAL ANDHRA PRADESH
28,49.071663,0.0,0.0,38.316044,173.19005,225.22699,391.24442,383.08774,203.5752,87.25805,46.16626,7.756747,2020,TELANGANA
29,0.0,13.520091,0.0,45.35827,1.7954708,0.0,0.0,149.68666,148.90494,156.58,136.34848,22.351477,2020,RAYALSEEMA
30,3.046942,14.06837,71.8742,60.3336,186.8642,269.1089,554.43604,351.81818,157.22063,157.1286,34.94821,40.08184,2020,TAMIL NADU
31,66.13986,61.283783,80.447266,7.623439,88.39255,257.04968,415.64017,618.99274,128.62381,48.90163,46.29677,0.0,2020,COASTAL KARNATAKA
32,45.67407,28.958479,0.0,55.40826,111.102844,159.49937,553.55365,175.73805,183.48296,105.93669,116.19087,5.5942492,2020,NORTH INTERIOR KARNATAKA
33,63.136265,24.720009,0.0,60.228607,82.76552,295.72684,462.34485,455.71542,295.56384,70.29703,77.19412,10.878195,2020,SOUTH INTERIOR KARNATAKA
34,123.98685,43.298473,0.0,121.334496,192.49046,313.42035,415.33017,298.6523,73.8168,60.72335,167.4077,0.0,2020,KERALA
35,0.0,47.58566,62.737858,19.638277,150.77002,275.1686,673.1107,436.47995,352.58212,137.3102,102.45766,0.0,2020,LAKSHADWEEP
0,69.58051,27.467295,41.148632,84.56983,344.65317,379.3276,459.52884,464.5672,412.73013,286.04694,219.43959,120.28623,2021,ANDAMAN & NICOBAR ISLANDS
1,36.720196,77.17884,129.70476,221.03413,253.46974,492.16696,630.8189,520.15845,379.0586,198.29463,9.086137,19.7199,2021,ARUNACHAL PRADESH
2,14.189502,16.740488,55.677402,136.87039,260.5119,382.23016,508.93042,450.20798,281.0849,162.2384,9.277735,8.352381,2021,ASSAM & MEGHALAYA
3,12.112297,31.303375,22.357946,72.80169,201.09807,274.40005,513.80707,406.42242,310.0023,77.43566,28.434813,0.0,2021,NAGA MANI MIZO TRIPURA
4,31.878222,45.611248,29.79542,88.700615,181.6585,344.3617,628.65753,491.2426,326.9337,107.035805,44.13607,7.8595657,2021,SUB HIMALAYAN WEST BENGAL & SIKKIM
5,11.920485,25.897097,9.561718,50.62827,166.95221,102.71432,272.61612,226.9705,245.20534,215.98273,83.64455,15.360071,2021,GANGETIC WEST BENGAL
6,10.088474,7.2896867,6.0154195,30.577042,101.7977,649.95087,1013.2116,708.6577,278.48355,149.68127,92.66429,0.0,2021,ORISSA
7,21.358072,24.711452,9.56887,8.892892,75.48772,159.16322,456.52057,419.8533,189.66208,58.039345,3.2224798,0.0,2021,JHARKHAND
8,8.644446,25.93383,0.3426016,7.9946666,54.42947,85.149445,368.20963,320.30722,129.85289,45.981606,15.852893,0.0,2021,BIHAR
9,15.659429,13.656962,6.180893,13.40969,34.032173,105.64049,354.2899,314.42868,184.27463,59.69733,0.0,0.0,2021,EAST UTTAR PRADESH
10,9.059593,14.650431,26.354704,33.703136,81.2703,244.73502,387.84515,350.22064,240.3599,86.92769,21.201115,0.0,2021,WEST UTTAR PRADESH
11,13.113176,11.697808,1.6511588,11.618294,55.245922,139.10992,379.24872,308.6122,167.40126,50.980225,22.266186,0.09579647,2021,UTTARAKHAND
12,21.99105,25.483366,10.153456,14.667065,53.657185,53.965816,214.63869,163.70956,76.390724,30.19384,0.0,0.0,2021,HARYANA DELHI & CHANDIGARH
13,79.15677,74.04695,68.00261,60.88236,72.49173,58.108135,309.90817,271.90204,100.95796,46.331676,6.4768972,28.609268,2021,PUNJAB
14,82.71869,110.83784,127.030174,112.592354,135.12279,139.93437,288.72488,257.66553,93.859695,36.024647,4.827807,42.54515,2021,HIMACHAL PRADESH
15,22.848864,29.54418,22.728577,17.77101,62.821663,114.58822,334.23422,329.73962,218.09589,61.817257,14.689939,0.0,2021,JAMMU & KASHMIR
16,9.623515,0.0,14.231611,62.562527,134.31386,240.29913,460.9583,295.05743,151.93022,251.30972,121.59105,38.007595,2021,WEST RAJASTHAN
17,14.88648,0.0,0.0,0.0,21.93937,505.0021,951.6939,709.19855,302.87912,79.95605,19.359167,0.0,2021,EAST RAJASTHAN
18,13.049617,0.0,5.9872756,21.533798,113.16983,200.36674,242.72261,163.06725,146.76312,185.70532,83.120514,40.688316,2021,WEST MADHYA PRADESH
19,5.113067,0.42243457,5.868635,0.0,52.466484,91.902214,305.0772,227.59064,174.12857,89.5426,0.0,3.7953844,2021,EAST MADHYA PRADESH
20,0.0,0.42795715,10.114124,11.244538,62.981415,124.190895,202.05313,211.73337,185.33852,75.35141,13.857223,0.0,2021,GUJARAT REGION
21,0.0,0.0,27.272625,82.90823,121.355934,210.70651,229.68088,307.17975,173.52199,134.36208,13.647485,1.9470581,2021,SAURASHTRA & KUTCH
22,0.0,2.671686,15.618554,35.95669,169.33414,85.324326,268.77176,232.77046,230.09135,142.47748,31.082247,8.326646,2021,KONKAN & GOA
23,0.7690254,7.1609263,5.9798126,17.851254,68.374306,201.04442,382.05273,370.51202,213.65309,100.59126,23.564857,0.0,2021,MADHYA MAHARASHTRA
24,14.900145,26.568354,17.753723,23.887342,45.155773,92.507744,288.50427,166.62616,88.865776,37.873547,1.3803596,0.0,2021,MATATHWADA
25,12.352792,3.9823377,1.8758836,14.705781,52.66594,26.725113,173.89221,103.48733,148.15262,181.12941,95.94447,38.28203,2021,VIDARBHA
26,0.0,0.3897289,0.0,0.0,23.23051,52.403057,347.18387,189.11098,128.98041,61.35894,14.60039,0.0,2021,CHHATTISGARH
27,16.660746,4.681599,1.39081,37.487865,90.727905,74.8311,262.7995,177.29893,115.71279,140.31363,58.2309,0.0,2021,COASTAL ANDHRA PRADESH
28,21.753826,0.0,6.8892927,57.805645,154.37274,315.4171,511.75922,464.09235,284.3019,77.48317,0.0,0.0,2021,TELANGANA
29,9.68861,10.847976,16.626217,44.68999,78.18831,18.018795,149.17561,90.144165,110.73125,207.92647,159.70052,54.485203,2021,RAYALSEEMA
30,18.007872,22.07378,6.1834197,20.672834,118.33076,181.9385,330.58023,323.0764,185.1549,87.41359,35.608032,1.4925056,2021,TAMIL NADU
31,49.8641,51.58271,31.55428,38.766453,105.35194,298.03644,540.31006,522.90894,209.04968,31.433893,0.0,23.48646,2021,COASTAL KARNATAKA
32,13.714529,25.046862,19.115622,34.880516,92.29526,206.37611,429.01624,364.1052,213.3562,55.471607,25.99208,0.6963483,2021,NORTH INTERIOR KARNATAKA
33,22.739151,26.471708,2.4806378,36.3597,134.65582,208.28914,476.83426,433.9735,198.02638,47.551277,49.613815,14.591305,2021,SOUTH INTERIOR KARNATAKA
34,45.58809,23.35096,7.4178276,58.9567,188.06834,270.04166,401.5711,312.46185,129.57068,8.659732,68.24998,1.7691851,2021,KERALA
35,16.70841,50.20231,29.83825,33.17891,113.60645,190.18117,404.51846,422.13025,214.37898,78.87776,9.911968,23.077076,2021,LAKSHADWEEP
0,70.071335,25.156893,34.71459,83.920074,339.6857,390.84372,449.2007,453.88385,419.8554,284.31207,216.69548,121.66091,2022,ANDAMAN & NICOBAR ISLANDS
1,40.02823,76.56366,127.33227,216.6653,254.55092,493.45847,625.238,513.7927,386.2056,200.36235,3.9221742,20.52161,2022,ARUNACHAL PRADESH
2,17.289133,15.861111,52.77743,132.28366,258.74405,371.46475,493.25763,449.1652,281.94504,163.7502,8.680758,10.858998,2022,ASSAM & MEGHALAYA
3,18.754892,33.317215,19.274086,65.269615,185.6953,237.43863,477.32623,390.59335,302.7079,56.85044,20.468021,0.0,2022,NAGA MANI MIZO TRIPURA
4,26.92395,44.56762,19.952967,88.24427,157.72327,346.86163,632.88525,504.654,329.60822,97.394554,41.185715,14.12466,2022,SUB HIMALAYAN WEST BENGAL & SIKKIM
5,15.752634,27.918798,8.787219,56.627922,163.32178,119.051056,310.29092,225.05962,227.06465,213.62549,85.21324,13.060797,2022,GANGETIC WEST BENGAL
6,11.693211,11.676007,3.2903266,33.808475,108.91905,657.29315,1041.1233,731.8653,302.69824,150.43637,94.71283,0.0,2022,ORISSA
7,19.149677,23.86552,6.030339,17.456324,73.134285,138.31406,450.71176,411.32822,208.90585,47.207947,0.0,0.0,2022,JHARKHAND
8,9.282344,17.852962,6.012552,2.8085454,65.439644,60.74267,362.7021,314.7342,119.28981,56.312855,13.128956,0.0,2022,BIHAR
9,15.767543,13.7860565,6.000771,15.0220995,35.024952,105.02872,357.46942,316.86823,187.86043,59.855595,0.0,0.0,2022,EAST UTTAR PRADESH
10,3.8870416,13.188066,29.344934,21.511957,91.344955,208.724,373.9591,352.8167,249.301,96.768616,11.162381,0.0,2022,WEST UTTAR PRADESH
11,16.351349,8.628402,0.0,20.54239,58.710964,141.24243,366.4625,298.3723,171.9395,47.014877,17.70796,0.0,2022,UTTARAKHAND
12,22.522112,26.115881,10.920591,15.313909,54.634045,54.839294,215.62265,164.88661,79.000496,30.539959,0.0,0.0,2022,HARYANA DELHI & CHANDIGARH
13,74.14639,75.13456,73.60059,64.52769,74.35567,45.985863,313.81644,299.01425,117.55962,50.621468,10.677075,30.396347,2022,PUNJAB
14,79.11873,113.52088,117.351814,120.2022,135.40958,163.84488,263.86008,242.83737,116.79363,29.076244,5.5119624,46.064133,2022,HIMACHAL PRADESH
15,22.825962,17.660637,30.755104,6.2512007,51.199512,131.82318,342.85028,326.49414,221.21182,77.82664,9.606957,0.0,2022,JAMMU & KASHMIR
16,10.504578,0.0,16.68763,75.47517,134.71924,261.45926,508.54413,334.781,172.2286,253.5621,138.07645,34.122143,2022,WEST RAJASTHAN
17,9.377069,4.9714046,0.0,0.0,11.981879,526.269,982.29974,762.4052,343.1756,92.02799,23.292887,0.0,2022,EAST RAJASTHAN
18,15.463798,0.0,7.6752367,20.418829,116.58232,232.70372,255.3671,174.48065,154.22618,176.94012,89.9069,53.589725,2022,WEST MADHYA PRADESH
19,0.7307159,3.9802527,5.958908,4.209559,47.007317,86.3441,387.82956,238.7628,147.66687,91.24391,6.504697,6.011829,2022,EAST MADHYA PRADESH
20,0.0,8.921125,8.857864,14.337116,61.908813,137.10596,254.4673,200.91496,164.59593,64.103226,22.906326,0.0,2022,GUJARAT REGION
21,0.0,0.0,24.315178,95.62082,140.92393,235.49684,304.60925,287.8418,184.97438,133.49658,19.373314,0.0,2022,SAURASHTRA & KUTCH
22,10.586876,5.575047,0.0,49.26663,126.3826,129.37189,279.5014,209.11581,169.85411,126.43411,40.854626,12.663961,2022,KONKAN & GOA
23,7.7596884,10.527404,6.684474,16.754126,59.43683,172.01575,348.88623,352.79382,225.82672,102.01242,12.578372,0.0,2022,MADHYA MAHARASHTRA
24,18.963518,30.081097,19.128996,22.207058,54.25241,70.02051,265.2346,161.6593,96.80213,45.53617,0.0,0.0,2022,MATATHWADA
25,17.272142,1.6550665,0.2622244,15.006839,59.286793,31.577295,167.47226,74.363075,147.71399,174.35393,94.86743,45.669323,2022,VIDARBHA
26,0.0,0.0,0.0,0.6028959,26.367378,29.607584,321.0217,184.81071,125.68649,43.213974,11.339978,0.0,2022,CHHATTISGARH
27,13.476558,0.0,5.9702873,36.934902,86.60073,70.9126,241.18805,165.14406,139.59055,142.26822,58.564327,0.0,2022,COASTAL ANDHRA PRADESH
28,23.24865,4.4873796,9.065126,54.86748,172.08377,323.89938,494.48984,463.04102,285.429,86.18076,3.2365391,0.0,2022,TELANGANA
29,11.885728,7.519023,8.592379,53.294853,81.746895,62.12958,190.84671,99.658745,116.4816,202.83917,154.21097,53.438213,2022,RAYALSEEMA
30,13.310864,24.748386,16.761055,20.595545,99.36646,130.56918,343.83643,343.6783,204.8787,91.84098,34.574898,2.3090806,2022,TAMIL NADU
31,38.962254,55.319492,47.41908,31.317448,98.68225,233.68431,483.01447,515.7122,201.96616,46.12588,0.0,18.658075,2022,COASTAL KARNATAKA
32,19.965034,34.557014,22.141747,27.476305,101.07504,190.77788,395.4225,365.0508,182.85152,51.494946,24.897228,0.0,2022,NORTH INTERIOR KARNATAKA
33,25.542076,19.12118,9.048405,34.19055,133.39874,177.38286,421.87555,401.3907,212.83754,54.22033,44.364372,4.321234,2022,SOUTH INTERIOR KARNATAKA
34,41.49246,28.78567,1.0343293,36.616657,171.63599,207.13486,404.41907,260.65335,97.60375,22.172903,40.46929,1.2169889,2022,KERALA
35,28.050852,34.037445,32.88422,29.072462,99.4568,205.4257,386.70404,425.2014,203.02138,70.30488,8.345163,17.987488,2022,LAKSHADWEEP
0,67.16275,25.852142,34.633877,86.70998,336.327,387.85098,449.78494,446.6613,416.62823,291.2304,213.58858,121.4425,2023,ANDAMAN & NICOBAR ISLANDS
1,35.900845,75.291565,127.32693,218.01405,247.61595,488.33896,627.5844,507.47244,376.89615,199.89981,5.02189,24.162926,2023,ARUNACHAL PRADESH
2,11.474537,16.424465,53.371708,132.21863,252.95703,367.1329,504.04666,446.63843,274.19373,163.04651,6.293189,10.067081,2023,ASSAM & MEGHALAYA
3,9.719861,27.034014,24.485592,52.07882,177.60728,232.54611,436.6952,361.04324,269.0499,68.89853,19.700768,0.0,2023,NAGA MANI MIZO TRIPURA
4,20.410702,50.1468,23.483809,74.196915,155.91924,317.76782,585.19806,485.0872,308.9503,96.942215,46.979626,16.379381,2023,SUB HIMALAYAN WEST BENGAL & SIKKIM
5,14.259282,30.499044,6.6118317,57.701958,153.37738,123.77799,282.2388,222.44879,225.24774,212.61082,79.81669,4.4699173,2023,GANGETIC WEST BENGAL
6,10.0254755,11.254936,4.3096128,31.823908,124.1676,697.06433,1063.1846,765.9174,326.74112,144.67473,95.73296,0.0,2023,ORISSA
7,16.1921,23.470022,7.3025556,15.495341,72.86274,140.43774,443.10123,397.3048,201.34781,48.494877,0.0,0.0,2023,JHARKHAND
8,17.020605,15.064928,0.0,7.9191318,59.744907,58.890858,400.0925,316.70203,126.70251,41.22235,4.766194,0.0,2023,BIHAR
9,14.092606,13.981593,6.7388015,14.103195,36.066032,106.414955,355.79413,315.81036,188.35432,61.60293,0.0,0.0,2023,EAST UTTAR PRADESH
10,12.447816,11.189681,18.652046,31.671783,100.9182,179.86658,387.55737,334.22485,238.66086,96.26779,11.713835,0.0,2023,WEST UTTAR PRADESH
11,18.482985,8.501873,0.0,25.717924,44.70943,147.95827,365.26672,301.91092,160.71082,47.62602,16.602722,1.1631666,2023,UTTARAKHAND
12,22.741331,26.860388,12.374126,16.343658,56.914066,56.028584,214.34303,165.87979,80.97897,30.959658,0.0,0.0,2023,HARYANA DELHI & CHANDIGARH
13,74.33517,72.87099,69.97573,64.081696,90.91946,53.68473,335.4999,279.0014,124.88778,48.288754,7.493757,33.993786,2023,PUNJAB
14,88.24135,116.10524,124.50856,109.51663,131.13014,115.340866,224.35013,267.19086,118.13016,36.951347,14.757064,37.876675,2023,HIMACHAL PRADESH
15,19.555664,22.904018,23.924883,9.637121,42.501785,144.36133,369.06155,315.7531,192.64763,84.315605,8.22843,0.0,2023,JAMMU & KASHMIR
16,9.11379,0.0,25.664503,75.21387,164.48022,323.8676,572.3729,360.31512,190.36188,252.50766,139.60652,28.440931,2023,WEST RAJASTHAN
17,8.75663,6.4793286,0.0,2.0167234,24.72943,553.0964,963.5805,753.8863,361.6516,93.7809,26.776518,0.0,2023,EAST RAJASTHAN
18,15.536007,3.0682032,5.1246305,26.29067,137.19421,243.39198,276.60037,196.10944,142.73888,182.11362,94.503914,49.477665,2023,WEST MADHYA PRADESH
19,2.3453248,0.8164655,6.312325,4.3064475,32.027252,90.640205,383.30215,254.17099,153.61919,81.17367,9.556009,4.780529,2023,EAST MADHYA PRADESH
20,0.0,7.7835994,12.167907,8.279718,71.05835,121.16534,277.82742,239.1006,163.90733,89.04174,24.567352,0.0,2023,GUJARAT REGION
21,0.0,0.0,34.81239,102.34883,133.67839,243.9366,305.30618,319.76547,191.33679,148.50127,26.353745,0.0,2023,SAURASHTRA & KUTCH
22,0.0,14.951362,3.4195907,56.62095,102.53367,123.91892,258.84677,220.39925,174.75363,131.61462,36.687904,0.0,2023,KONKAN & GOA
23,7.0116158,14.649739,11.981691,16.406656,61.73196,148.42114,344.10345,362.19644,217.4448,114.72632,13.391768,0.0,2023,MADHYA MAHARASHTRA
24,21.977125,30.028572,17.535648,20.462093,50.00916,59.334457,235.92847,162.29993,98.37965,46.544823,0.0,0.0,2023,MATATHWADA
25,15.588446,0.8891971,1.8602449,13.051027,75.70155,29.158087,208.86421,91.68335,144.32744,173.82173,88.61988,40.821396,2023,VIDARBHA
26,0.041514635,0.0,0.0,9.56797,29.405825,38.825085,334.16418,160.09767,125.27631,30.899008,12.060297,0.0,2023,CHHATTISGARH
27,6.257925,0.4096818,5.28708,40.250183,91.524574,94.642845,300.6824,166.56776,137.92412,138.05214,59.302795,0.4366556,2023,COASTAL ANDHRA PRADESH
28,21.940556,6.583664,11.199837,61.97742,173.56468,347.7361,510.46988,479.1116,314.41522,93.52235,9.303755,0.0,2023,TELANGANA
29,10.445997,13.21266,7.0005965,54.936775,71.15231,99.89147,194.13004,87.174995,121.97554,201.3175,158.18896,54.395035,2023,RAYALSEEMA
30,18.122322,18.92216,10.296502,18.790829,102.5205,80.43219,352.1197,323.30475,207.87256,93.90798,29.846212,0.0,2023,TAMIL NADU
31,43.613144,45.656746,50.27844,33.316906,85.63171,212.81259,397.63052,465.54492,185.80055,40.98718,0.0,0.0,2023,COASTAL KARNATAKA
32,12.967979,19.802427,15.617642,24.297695,69.7895,134.08789,371.35846,343.9429,184.57832,47.815887,28.76009,0.0,2023,NORTH INTERIOR KARNATAKA
33,31.905031,25.64938,0.0,43.09896,115.89856,224.05525,410.91956,391.65875,201.18552,56.854134,49.878067,2.6076958,2023,SOUTH INTERIOR KARNATAKA
34,22.459766,17.372416,0.0,42.24221,146.14302,137.90562,299.06754,260.67,92.7917,8.130973,40.94953,7.2931023,2023,KERALA
35,21.612318,49.944935,21.22238,25.082306,107.76712,214.03777,386.57794,372.3726,214.85153,67.16252,0.0,8.479099,2023,LAKSHADWEEP
0,69.23711,26.809704,35.186806,85.60769,336.21124,382.7709,443.5814,448.13516,409.84885,291.8079,216.66142,120.53001,2024,ANDAMAN & NICOBAR ISLANDS
1,39.312256,75.156364,126.70888,217.6391,250.69247,490.4744,624.19025,509.67377,371.3247,200.70735,8.857321,23.621847,2024,ARUNACHAL PRADESH
2,16.492767,15.61842,53.7992,129.7192,257.1123,362.22137,494.447,445.761,271.1888,163.54535,8.460684,10.820005,2024,ASSAM & MEGHALAYA
3,14.909103,27.770224,14.582607,39.33627,162.40103,205.11305,432.1824,350.43735,265.96805,73.133675,27.395638,0.0,2024,NAGA MANI MIZO TRIPURA
4,25.389471,42.129467,24.231548,67.924866,149.94759,269.52112,598.43304,477.68036,284.10803,101.42683,45.219513,16.410448,2024,SUB HIMALAYAN WEST BENGAL & SIKKIM
5,18.500916,30.988562,11.01227,53.8112,151.02907,126.53254,277.8845,232.4045,216.82637,208.64848,87.29935,7.544411,2024,GANGETIC WEST BENGAL
6,13.662464,13.450527,8.409522,26.59219,141.8748,707.5853,1109.0989,795.5742,326.9494,143.61067,90.41112,7.7938657,2024,ORISSA
7,19.295574,29.246885,15.5892725,17.202831,58.008503,124.89917,456.87506,409.87045,202.08888,44.12943,1.6628017,0.0,2024,JHARKHAND
8,9.206073,11.25683,1.1580231,11.684349,55.83171,76.49325,383.238,304.95505,129.03633,44.72274,1.6821115,0.0,2024,BIHAR
9,15.229671,14.681675,6.7143507,14.3222275,38.114037,106.239395,356.4288,320.43738,189.29697,61.10236,0.0,0.0,2024,EAST UTTAR PRADESH
10,5.3762975,11.819954,18.006432,33.673477,105.22123,207.5043,376.67148,324.27054,253.7873,95.45634,10.250125,0.0,2024,WEST UTTAR PRADESH
11,11.092157,7.176836,0.0,12.02603,47.02543,151.84296,370.48758,297.0497,155.22717,42.739628,15.944094,0.0,2024,UTTARAKHAND
12,22.984148,27.95009,12.333786,15.946103,58.08582,57.964333,221.15851,170.36275,82.18555,31.192348,0.0,0.0,2024,HARYANA DELHI & CHANDIGARH
13,77.53106,77.24132,72.50994,68.69102,83.91132,58.330128,364.59048,298.1528,124.819496,54.718967,14.860709,33.6587,2024,PUNJAB
14,80.40796,115.19399,127.472176,104.12696,127.70867,128.85442,260.9525,218.98029,126.127815,38.393116,12.605814,37.546307,2024,HIMACHAL PRADESH
15,13.994816,19.365881,15.954185,8.373006,44.64009,122.25936,339.99075,341.88678,192.65117,86.41462,9.90212,0.0,2024,JAMMU & KASHMIR
16,11.193983,3.7487564,28.358011,78.12245,165.9111,345.2047,633.82166,421.1803,175.9238,262.93503,150.17989,29.543182,2024,WEST RAJASTHAN
17,9.586201,3.9874694,0.0,4.400711,32.416897,557.3874,1036.6608,769.976,366.12524,92.49136,25.348923,0.0,2024,EAST RAJASTHAN
18,12.549641,2.7678878,4.556272,29.951124,141.85878,271.86365,314.8792,208.04892,137.66196,176.47694,94.85214,50.220642,2024,WEST MADHYA PRADESH
19,3.1393912,2.055322,5.037683,10.246464,41.35629,115.30024,374.9623,251.43228,163.25644,87.88535,7.4471602,0.0,2024,EAST MADHYA PRADESH
20,0.0,12.390024,4.4934053,13.059469,66.35062,120.60729,298.72693,229.7684,166.93503,83.12042,30.891039,0.0,2024,GUJARAT REGION
21,0.0,2.2452455,37.74041,99.56226,156.69951,264.5706,326.63547,337.46362,195.56895,137.7152,26.28833,1.0571749,2024,SAURASHTRA & KUTCH
22,2.023919,15.378357,13.334652,45.06389,104.93802,114.91286,220.39062,225.74315,173.70013,141.32436,49.91135,0.0,2024,KONKAN & GOA
23,4.868824,8.385601,10.230121,12.309804,70.73697,147.33757,341.3905,344.62048,232.02841,106.22169,11.517285,0.0,2024,MADHYA MAHARASHTRA
24,21.656916,28.324808,18.302197,18.619532,54.169315,26.201843,219.79369,146.37553,94.26969,36.730892,0.0,0.0,2024,MATATHWADA
25,7.773257,1.69585,2.8237548,15.649746,73.13251,47.438297,186.30365,105.08384,139.61972,166.25447,98.63714,37.619205,2024,VIDARBHA
26,0.0,0.0,0.0,16.196508,21.598204,64.90504,325.65137,166.39648,119.08054,43.943645,16.35884,0.0,2024,CHHATTISGARH
27,0.0,0.0,2.3305278,34.904026,97.6822,92.1338,304.8409,183.83481,129.38957,136.03098,51.40313,5.9685397,2024,COASTAL ANDHRA PRADESH
28,23.602684,13.883025,13.175944,66.81079,185.9519,354.73026,560.93567,495.2613,324.5171,102.97444,8.296023,0.0,2024,TELANGANA
29,9.451864,8.2051525,11.111184,47.71128,77.688156,80.58261,150.69441,94.45285,113.508804,213.46988,157.31467,60.19211,2024,RAYALSEEMA
30,14.075775,15.962782,5.9513636,23.674917,83.07666,104.483765,345.55896,306.79666,211.35408,78.2621,31.938894,0.0,2024,TAMIL NADU
31,62.156303,50.437054,49.802055,37.683655,97.21614,173.6092,441.08856,462.441,204.35103,47.780483,0.0,18.88675,2024,COASTAL KARNATAKA
32,20.736444,28.226616,10.4028425,16.119848,54.656925,132.50287,386.05527,314.74387,189.1504,46.600754,27.654428,0.0,2024,NORTH INTERIOR KARNATAKA
33,26.826,24.319912,7.640318,38.34827,102.508484,203.3497,411.23334,385.01462,211.06372,62.24024,46.542534,10.517847,2024,SOUTH INTERIOR KARNATAKA
34,38.092155,24.932531,0.0,38.732826,141.36089,104.41066,258.32928,217.36418,120.89058,4.920504,42.309875,0.0,2024,KERALA
35,15.506226,40.44881,28.548658,35.24816,69.270195,149.0996,383.83948,372.13943,174.95668,66.56745,5.2524176,5.3850207,2024,LAKSHADWEEP
0,68.640656,25.899393,36.153027,84.11699,334.3042,380.09363,443.3794,449.3984,412.94296,287.21268,216.66518,120.199554,2025,ANDAMAN & NICOBAR ISLANDS
1,37.971832,76.0879,126.58009,216.91214,251.07469,491.83267,631.14636,513.86554,377.77997,200.96994,9.177512,24.514832,2025,ARUNACHAL PRADESH
2,15.214133,15.387851,52.837955,129.9033,251.1455,357.43103,492.6174,446.11295,273.5243,160.68637,8.152946,11.024346,2025,ASSAM & MEGHALAYA
3,13.215867,27.927227,17.252235,41.943157,160.57143,189.41505,468.59055,332.51852,265.6053,68.61021,29.21226,0.0,2025,NAGA MANI MIZO TRIPURA
4,29.72325,37.01128,23.38447,60.206154,135.82823,270.71295,579.04846,467.80154,290.81604,95.02514,37.49398,13.8744135,2025,SUB HIMALAYAN WEST BENGAL & SIKKIM
5,14.930578,26.800318,8.42908,51.394684,138.63213,109.11516,260.3282,219.42372,218.33386,202.90047,92.31182,9.604859,2025,GANGETIC WEST BENGAL
6,10.813462,7.009299,7.6029987,25.74898,140.84166,739.8135,1130.725,792.1754,301.29706,154.84398,80.87658,9.841026,2025,ORISSA
7,18.058044,25.1252,17.043879,16.061703,54.8047,115.54986,467.0887,413.77225,194.87228,48.321297,6.485871,0.0,2025,JHARKHAND
8,13.336201,10.703922,0.0,5.7825704,45.99368,72.47286,345.37256,296.13843,118.48652,41.327404,4.9897685,0.0,2025,BIHAR
9,15.05621,14.837549,7.0836906,13.786087,37.81703,106.369,359.56693,322.50998,189.82185,60.80109,0.0,0.0,2025,EAST UTTAR PRADESH
10,12.0169,19.162968,21.268606,39.701485,108.17538,240.65073,367.48227,336.41498,250.16974,96.75344,16.348495,0.0,2025,WEST UTTAR PRADESH
11,13.442219,5.7670994,0.0,10.160358,43.200344,148.36983,370.83737,298.83688,141.54851,36.01773,20.722569,0.0,2025,UTTARAKHAND
12,22.92717,28.205906,12.391091,15.782548,57.9346,58.497147,225.30058,173.20776,83.414246,32.058014,0.0,0.0,2025,HARYANA DELHI & CHANDIGARH
13,80.48546,79.62892,71.31657,69.46026,88.85369,67.13559,362.15097,288.17633,138.426,50.65401,15.644682,34.143154,2025,PUNJAB
14,80.62093,114.66646,137.81041,117.57184,134.63326,99.93469,251.25685,250.04803,114.361305,37.86886,20.956963,35.67864,2025,HIMACHAL PRADESH
15,14.587937,19.12968,8.13684,0.0,39.847794,137.50082,371.38168,345.15433,214.57162,93.65879,3.7789419,0.0,2025,JAMMU & KASHMIR
16,16.28668,4.5035896,26.226574,73.83646,190.01419,390.66962,654.13055,420.57895,187.60254,270.13715,141.99725,35.654957,2025,WEST RAJASTHAN
17,8.423794,5.386589,0.0,4.404595,26.605734,578.94696,1071.3053,778.30963,357.00687,93.78204,21.641932,0.0,2025,EAST RAJASTHAN
18,22.932076,8.18854,3.3425472,33.172436,153.27158,270.50116,310.24173,220.30254,141.37946,179.44276,96.87691,53.067783,2025,WEST MADHYA PRADESH
19,2.7074754,2.860144,4.8656735,14.201786,40.318687,121.11085,386.4609,257.66434,157.73152,91.16239,8.34674,2.0028443,2025,EAST MADHYA PRADESH
20,0.0,3.2199376,4.708622,16.421375,55.67109,131.79892,281.2862,216.27536,173.81256,80.37317,19.622229,0.0,2025,GUJARAT REGION
21,0.0,1.7055732,40.21652,108.65599,164.66895,283.49432,333.55234,368.94476,205.83183,134.85843,31.598803,0.0,2025,SAURASHTRA & KUTCH
22,4.1723166,13.224409,5.743795,49.093903,107.7426,115.19039,225.03958,218.95395,166.38284,133.02397,52.425327,0.0,2025,KONKAN & GOA
23,4.7044096,8.993434,10.24106,20.155947,65.29385,152.29218,372.51257,348.70285,233.99942,106.44536,14.485509,0.0,2025,MADHYA MAHARASHTRA
24,21.38443,29.81738,23.28033,14.277038,52.907776,24.356462,234.99161,150.53842,85.67867,37.623123,0.0,0.0,2025,MATATHWADA
25,10.564671,3.2779324,0.0,18.526936,74.03899,34.12558,175.60045,110.20006,122.32472,160.08336,98.77007,36.77972,2025,VIDARBHA
26,0.0,0.8747428,0.0,9.485413,14.704305,56.658676,337.90234,178.60603,98.04813,42.23275,15.120486,0.0,2025,CHHATTISGARH
27,3.893478,2.467807,0.45143503,31.341896,95.67898,85.36903,309.25027,191.00423,126.723915,134.52261,49.317398,1.0340908,2025,COASTAL ANDHRA PRADESH
28,17.1006,11.931154,13.892606,70.089165,196.99356,372.80273,574.0,495.32275,334.71405,106.86224,3.7857106,0.0,2025,TELANGANA
29,9.516698,13.560593,12.88141,44.21982,86.50378,59.822186,171.64137,116.7266,109.473274,208.67198,165.56389,57.43807,2025,RAYALSEEMA
30,18.263035,19.029013,7.4012594,28.873081,77.90095,123.93048,372.4524,300.62482,216.66261,85.19628,34.348946,0.7005951,2025,TAMIL NADU
31,41.868988,52.24324,41.814194,22.973528,64.80506,146.73914,444.70215,415.8695,197.72726,48.447697,0.0,16.525492,2025,COASTAL KARNATAKA
32,16.166607,22.157347,18.463297,27.658749,65.181015,147.49423,382.92273,322.97394,193.60083,49.94613,30.15567,0.0,2025,NORTH INTERIOR KARNATAKA
33,25.834755,21.974695,4.2008333,26.196184,86.05984,167.47827,424.79764,377.3432,210.71815,66.6508,41.67459,10.162961,2025,SOUTH INTERIOR KARNATAKA
34,20.111984,30.806213,6.2018332,37.813034,122.67812,87.295906,248.73723,219.23468,100.26358,11.38601,41.039467,0.0,2025,KERALA
35,21.909107,31.326668,23.01143,17.800539,66.990974,141.92903,375.39157,354.10287,203.33553,73.13309,0.0,6.447705,2025,LAKSHADWEEP
0,68.05602,26.059675,35.293865,84.13103,334.2652,377.82446,445.6795,447.45435,412.20084,288.2428,215.40627,120.921394,2026,ANDAMAN & NICOBAR ISLANDS
1,36.93267,76.16794,127.1625,216.8182,251.68013,488.41522,634.6449,514.5524,379.0138,201.1721,7.246192,23.523132,2026,ARUNACHAL PRADESH
2,15.096329,15.489912,52.295036,128.34901,247.75755,356.1838,489.05887,444.19598,271.35394,161.54474,6.8362594,10.912448,2026,ASSAM & MEGHALAYA
3,15.791566,27.958605,16.994669,44.792137,155.36737,183.18535,439.84006,337.9955,265.40897,68.34443,27.804314,0.0,2026,NAGA MANI MIZO TRIPURA
4,26.005302,37.698215,19.88216,58.869385,121.76116,258.26978,545.82605,462.51453,276.4699,88.008415,35.20746,10.847047,2026,SUB HIMALAYAN WEST BENGAL & SIKKIM
5,15.103552,26.91734,12.481651,44.3971,140.64119,98.760895,275.4791,222.59877,211.80394,210.068,89.97991,10.656953,2026,GANGETIC WEST BENGAL
6,10.0597105,3.06546,0.0,23.31636,138.62927,768.7562,1135.4905,787.33057,312.9843,151.88675,75.38799,5.9662004,2026,ORISSA
7,17.13704,22.937971,12.281794,6.946498,55.64288,136.89827,470.24512,403.72302,195.102,49.19688,0.7491436,0.0,2026,JHARKHAND
8,11.259617,12.234476,0.0,3.4679992,40.210342,66.27075,352.3376,295.07608,115.14579,37.125027,5.5470915,0.0,2026,BIHAR
9,15.06482,14.902573,6.7065945,13.4434395,38.967995,106.95842,359.64355,321.97495,190.30939,61.31634,0.0,0.0,2026,EAST UTTAR PRADESH
10,11.46445,21.41741,23.471535,40.022213,110.36657,229.4285,378.8618,343.72842,245.91432,92.07271,19.96246,0.0,2026,WEST UTTAR PRADESH
11,12.850172,4.295517,0.0,7.939306,45.094376,144.90004,371.4054,289.7337,137.83028,32.68631,18.947495,0.0,2026,UTTARAKHAND
12,23.670101,28.210003,11.934006,15.636657,59.14226,59.883007,224.5932,172.12369,84.08464,32.5222,0.0,0.0,2026,HARYANA DELHI & CHANDIGARH
13,81.17847,80.96563,71.97063,69.69278,94.279144,69.70585,364.2555,292.31635,141.94688,55.207603,17.029152,37.02009,2026,PUNJAB
14,80.708435,115.41661,135.23416,115.36759,140.27536,107.0133,264.6816,241.07516,118.277596,43.618362,20.362635,39.810135,2026,HIMACHAL PRADESH
15,16.528828,19.602314,9.353308,6.057176,44.24132,135.39423,351.43335,341.00027,203.82036,89.71534,4.255124,0.0,2026,JAMMU & KASHMIR
16,17.100378,6.816497,24.44028,77.53059,194.38136,431.17688,649.44055,429.84818,197.63295,273.88452,144.62682,36.658497,2026,WEST RAJASTHAN
17,5.278166,0.0,0.0,0.0,16.411629,587.70056,1070.8445,770.67883,364.47107,92.405266,18.426306,0.0,2026,EAST RAJASTHAN
18,24.059145,10.575673,5.034109,36.391155,156.98817,280.11694,300.20407,221.86926,142.47618,182.80466,101.691185,51.310505,2026,WEST MADHYA PRADESH
19,1.5646747,1.5964209,3.632741,9.236222,39.74662,113.398544,383.5848,267.4733,162.68504,89.7018,4.279428,0.0,2026,EAST MADHYA PRADESH
20,0.0,6.4512362,0.9902147,13.366016,50.13231,139.72092,275.55847,214.65305,176.88068,81.75378,15.665539,0.0,2026,GUJARAT REGION
21,0.0,5.424532,38.673534,109.15673,178.23778,296.82816,358.37558,363.70233,216.29161,146.07678,31.115751,0.0,2026,SAURASHTRA & KUTCH
22,4.6827908,16.300303,7.654973,48.542484,111.7415,112.572365,248.81104,225.14153,156.10892,128.55588,45.353336,0.0,2026,KONKAN & GOA
23,6.1032867,11.977443,9.969515,20.161196,63.24899,162.88084,371.7142,345.19196,231.19614,107.889015,17.704845,0.0,2026,MADHYA MAHARASHTRA
24,21.83215,28.660746,21.98497,16.259079,51.16869,26.599009,224.25862,145.76614,82.86955,29.03701,0.23888162,0.0,2026,MATATHWADA
25,12.228996,6.0803146,3.7324038,14.8863,78.60672,37.36262,178.58716,114.67285,122.507416,167.38512,104.13341,34.664616,2026,VIDARBHA
26,0.0,0.0,0.0,4.5987883,18.778889,59.358826,337.82278,169.49284,103.10665,39.442444,13.057219,0.0,2026,CHHATTISGARH
27,4.424557,0.5159308,0.23865475,35.21537,96.498985,89.45696,281.7966,183.5255,125.17418,133.08531,46.453632,0.09090474,2026,COASTAL ANDHRA PRADESH
28,18.356585,10.659023,13.111643,73.21641,204.206,382.4027,589.05835,507.72354,350.89328,110.17717,2.9631474,0.0,2026,TELANGANA
29,14.205077,15.01364,16.818129,50.32036,99.897156,60.867188,175.06511,130.20451,115.12976,206.57803,164.00896,59.312454,2026,RAYALSEEMA
30,13.786782,15.212806,6.926716,17.910835,61.250687,119.01561,352.80838,280.9025,204.34335,89.05217,33.96069,1.8055717,2026,TAMIL NADU
31,48.238136,51.510403,41.180443,32.96354,65.26224,134.86082,438.96417,409.58737,190.023,53.45292,0.0,15.898616,2026,COASTAL KARNATAKA
32,15.0143385,21.323439,13.372652,18.54076,59.79976,145.0981,411.6624,315.47137,198.59949,55.38911,24.20902,0.0,2026,NORTH INTERIOR KARNATAKA
33,23.336946,19.817686,3.3030484,25.729443,80.18397,159.18175,440.29047,377.0131,204.43867,56.473305,38.19905,11.374734,2026,SOUTH INTERIOR KARNATAKA
34,17.564274,22.207047,3.1211984,26.09348,112.84973,47.123154,240.67801,198.89656,93.29971,15.141319,30.22265,0.0,2026,KERALA
35,20.652826,31.523077,15.448512,23.00664,59.992386,135.17175,385.30743,334.53967,191.87137,65.41177,0.0,6.139183,2026,LAKSHADWEEP
0,68.17572,25.90957,35.30021,84.28492,333.85306,377.51004,444.1726,447.04175,411.12054,288.82935,215.56412,120.80307,2027,ANDAMAN & NICOBAR ISLANDS
1,37.884407,75.83755,127.07595,215.93132,252.31056,488.53067,633.21216,513.88983,377.6568,201.18349,7.088852,24.00128,2027,ARUNACHAL PRADESH
2,14.950144,15.247724,51.893364,126.54841,246.33531,354.46857,487.01385,443.55978,268.62323,161.9688,6.4293337,11.410716,2027,ASSAM & MEGHALAYA
3,15.502799,27.417084,16.697243,42.493176,146.89775,179.88356,442.66278,337.3691,257.3233,64.76605,24.851734,0.25682443,2027,NAGA MANI MIZO TRIPURA
4,23.86016,35.321587,20.378197,54.812572,110.99725,247.57858,531.99634,463.05038,269.92746,88.287605,34.758083,10.238483,2027,SUB HIMALAYAN WEST BENGAL & SIKKIM
5,15.3508215,26.195368,11.818332,45.329414,142.13095,97.86161,274.56522,220.75574,213.60324,208.17421,88.45166,10.566055,2027,GANGETIC WEST BENGAL
6,8.938171,3.022202,1.0443348,24.313726,138.41508,781.0826,1147.2013,791.6602,316.89853,153.27237,75.74868,6.5424514,2027,ORISSA
7,15.800015,22.91175,12.407304,8.429626,52.26912,137.29218,470.49768,403.69983,195.11755,47.61018,0.94409734,0.0,2027,JHARKHAND
8,10.961995,12.561671,0.0,2.4302678,42.946594,57.37338,349.9691,292.81223,114.8815,36.144577,3.9008243,0.0,2027,BIHAR
9,15.1284275,14.918542,6.9155846,13.649064,38.99899,107.847824,360.54834,322.73856,190.63408,61.502388,0.0,0.0,2027,EAST UTTAR PRADESH
10,12.483842,22.108963,25.348394,39.076305,114.72409,228.9331,385.31494,344.2878,248.34093,91.73296,20.691528,0.0,2027,WEST UTTAR PRADESH
11,13.804821,4.3273234,0.0,8.459342,45.71405,147.07635,370.4544,288.29376,138.23755,31.721285,17.733788,0.0,2027,UTTARAKHAND
12,23.801455,28.48689,12.162763,15.954794,59.6515,61.300137,225.60007,172.74928,85.06033,32.864445,0.0,0.0,2027,HARYANA DELHI & CHANDIGARH
13,79.769966,81.98913,72.709,70.734505,96.031845,70.660484,370.70895,294.31113,143.6011,54.616333,17.76732,36.6194,2027,PUNJAB
14,84.111786,115.60208,133.97205,115.79181,137.57422,105.77129,264.89838,245.66179,116.478355,45.816833,21.382057,41.250793,2027,HIMACHAL PRADESH
15,18.460705,18.76757,10.498325,3.7747679,45.20018,134.13672,349.13025,337.55527,204.75511,90.038,2.743445,0.0,2027,JAMMU & KASHMIR
16,14.267832,9.037362,28.161976,80.16147,199.94891,446.81418,663.6237,441.9153,203.1311,276.7083,144.75381,35.77903,2027,WEST RAJASTHAN
17,4.60014,0.0,0.0,0.0,15.468863,600.76324,1079.8348,771.92334,370.40173,95.41027,18.473686,0.0,2027,EAST RAJASTHAN
18,25.425127,12.3961735,5.3356376,37.928207,163.43907,281.8354,311.13248,229.5844,146.15489,186.6714,102.267555,53.08551,2027,WEST MADHYA PRADESH
19,1.4385608,2.1410875,4.312494,9.879767,44.341938,114.78786,380.71155,271.42065,166.38113,88.76893,4.5379386,1.094013,2027,EAST MADHYA PRADESH
20,0.0,5.4071236,1.4322488,13.1852665,47.622814,131.95135,268.1473,214.87976,174.11566,81.96137,17.243628,0.0,2027,GUJARAT REGION
21,0.0,6.3787026,41.515274,113.721146,186.81186,303.36008,361.43347,374.74072,224.8181,149.73306,33.60569,0.0,2027,SAURASHTRA & KUTCH
22,2.2132354,15.130962,10.293407,49.929592,112.94847,112.822945,236.92212,215.20049,160.1786,127.75685,44.631027,0.0,2027,KONKAN & GOA
23,6.706349,11.847997,10.453779,20.156044,63.674644,163.3823,374.03873,345.53165,230.30214,109.082565,18.882381,0.0,2027,MADHYA MAHARASHTRA
24,22.231562,28.277502,22.655544,15.395252,48.414364,27.68066,221.77892,142.96263,83.21258,29.063124,1.1662993,0.0,2027,MATATHWADA
25,12.362272,5.7806907,4.646319,14.971679,81.67794,33.453133,182.98659,116.65117,121.9083,168.14052,102.80052,34.920586,2027,VIDARBHA
26,0.0,0.0,0.0,6.19717,21.054415,57.9179,339.623,169.02959,102.29566,36.721733,13.813034,0.0,2027,CHHATTISGARH
27,5.3872223,0.56666523,1.0000646,34.282375,94.59551,87.94572,279.83368,182.72723,124.15235,134.21234,46.151543,0.0,2027,COASTAL ANDHRA PRADESH
28,17.50452,12.346723,13.343206,74.63021,208.6786,394.01318,598.1266,512.5943,353.29395,113.20243,3.9591014,0.0,2027,TELANGANA
29,15.948857,15.091405,16.547016,51.163692,101.99437,67.55827,172.552,131.12096,121.2246,205.2127,162.98831,59.74513,2027,RAYALSEEMA
30,14.3705225,14.791242,6.996382,16.91863,57.52249,112.45341,354.56577,273.3763,200.81714,86.85289,33.83839,1.8273838,2027,TAMIL NADU
31,48.889156,49.43961,40.07253,32.655243,61.936012,131.93456,431.23077,402.7249,185.52731,51.964172,0.0,14.788109,2027,COASTAL KARNATAKA
32,13.312595,21.969141,11.36659,17.311699,53.6078,145.66162,412.13495,314.66058,194.28778,52.86859,23.326923,0.0,2027,NORTH INTERIOR KARNATAKA
33,23.720367,19.045084,2.6189508,24.992273,80.5571,163.847,434.65973,370.52356,206.15884,56.357025,35.26323,7.6349173,2027,SOUTH INTERIOR KARNATAKA
34,15.014235,17.575794,0.0,22.619787,102.84589,43.10977,219.51167,176.45439,82.06505,13.225031,26.24304,0.0,2027,KERALA
35,17.113789,30.208069,17.887833,23.390388,55.902653,123.14109,388.08582,330.2938,191.01848,65.88936,0.0,2.8621624,2027,LAKSHADWEEP
0,68.85389,25.699236,35.340565,84.191154,333.3189,378.8469,442.00006,446.09564,410.93365,288.42685,215.67645,120.25181,2028,ANDAMAN & NICOBAR ISLANDS
1,38.233555,75.59408,127.04035,216.18408,251.42621,489.23212,630.29846,513.61914,376.96426,200.13509,7.444356,23.582056,2028,ARUNACHAL PRADESH
2,15.136887,14.945389,51.538815,126.323555,244.16032,352.53442,482.9338,442.6956,267.77713,160.73117,6.409879,10.78074,2028,ASSAM & MEGHALAYA
3,15.877309,26.374935,15.587939,37.33379,140.33015,174.76463,431.9267,333.11264,250.31053,63.680237,20.646238,0.49808806,2028,NAGA MANI MIZO TRIPURA
4,24.398664,34.11793,17.851366,49.457363,101.46827,235.67326,520.7262,460.59213,261.08374,83.85007,34.82193,9.4469795,2028,SUB HIMALAYAN WEST BENGAL & SIKKIM
5,16.45147,25.684616,10.700204,44.55805,138.52711,100.30667,267.0444,218.7218,213.27846,206.60869,88.38217,9.922813,2028,GANGETIC WEST BENGAL
6,7.4034085,2.584315,2.8838274,23.415379,139.57568,781.37976,1156.8679,800.7241,321.0529,153.71442,75.53491,6.5563846,2028,ORISSA
7,15.588046,22.774494,13.237867,7.6199007,51.728672,135.5903,465.9093,403.51526,192.39455,47.311016,1.6751785,0.0,2028,JHARKHAND
8,10.205021,10.783499,0.0,3.6276708,42.298637,57.526875,348.40295,289.58313,115.33965,35.955875,2.728356,0.0,2028,BIHAR
9,15.159366,15.008271,6.873505,13.525821,39.476013,108.41594,360.62668,323.14014,191.07855,61.424732,0.0,0.0,2028,EAST UTTAR PRADESH
10,12.543918,22.219307,26.20076,42.204178,118.49596,234.09961,388.34457,344.91617,249.03442,93.10748,21.887455,0.0,2028,WEST UTTAR PRADESH
11,13.216985,3.699083,0.0,8.357328,41.916515,148.63129,367.81516,289.26355,135.88103,30.364265,16.678356,0.0,2028,UTTARAKHAND
12,23.865559,28.875065,12.356202,16.01387,60.226425,61.70776,226.97752,173.79039,85.357704,33.081295,0.0,0.0,2028,HARYANA DELHI & CHANDIGARH
13,81.683624,82.7655,73.27593,70.52823,100.04371,71.512276,372.43698,299.12964,143.61674,55.239876,18.361473,37.299305,2028,PUNJAB
14,81.96216,117.1764,135.45459,112.770706,136.46268,102.78391,261.98154,244.72202,112.514114,45.4475,20.404833,41.498405,2028,HIMACHAL PRADESH
15,18.018892,18.921675,8.979367,4.325362,43.34846,138.1857,349.567,336.25955,202.16841,89.1286,3.2132165,0.0,2028,JAMMU & KASHMIR
16,17.219973,9.767739,28.88272,78.629875,208.10327,452.91275,674.4788,454.93567,208.00134,278.14053,144.32964,37.17092,2028,WEST RAJASTHAN
17,4.274007,0.0,0.0,0.5575111,17.069162,603.7712,1080.617,775.74835,371.0151,96.32808,19.323565,0.0,2028,EAST RAJASTHAN
18,25.561892,13.674123,5.8827214,37.91996,167.29938,286.73175,314.6939,236.39598,150.67027,187.1625,104.12553,54.863594,2028,WEST MADHYA PRADESH
19,0.2350713,2.2050166,4.3250284,11.062397,43.914577,113.65987,382.27515,271.61023,168.68568,89.80677,3.517144,0.0,2028,EAST MADHYA PRADESH
20,0.0,5.8887587,1.1720603,11.785015,49.92742,131.10225,270.19687,212.78712,174.86629,83.02631,17.011896,0.0,2028,GUJARAT REGION
21,0.0,7.6606774,42.89828,115.23941,191.25073,313.3054,369.91687,380.5154,230.10086,150.57224,34.467327,0.0,2028,SAURASHTRA & KUTCH
22,5.0329866,14.361797,8.120989,48.564716,105.36353,114.255905,236.17671,213.75502,157.49402,126.2267,47.166332,0.0,2028,KONKAN & GOA
23,5.800881,12.407477,10.305991,19.59613,63.359043,166.88579,378.34073,346.62347,229.9845,108.94328,18.83273,0.0,2028,MADHYA MAHARASHTRA
24,21.742285,28.394892,23.028698,14.529642,46.843002,25.57319,222.60484,140.92944,81.61569,29.057402,1.3509841,0.0,2028,MATATHWADA
25,12.928865,5.07404,4.634309,15.306832,81.30331,34.61633,181.69873,117.243065,124.74119,168.29076,102.47183,36.123043,2028,VIDARBHA
26,0.0,0.0,0.0,8.055002,21.72285,58.681244,335.261,169.6606,103.32836,37.18306,14.3852,0.0,2028,CHHATTISGARH
27,3.8823273,0.0,1.0529393,33.15977,95.01434,86.211525,278.9927,183.48822,124.70475,133.59029,45.819458,0.0,2028,COASTAL ANDHRA PRADESH
28,18.145588,13.42741,14.327975,75.72137,212.92131,395.12256,605.0155,519.6696,359.43857,115.73312,6.230696,0.0,2028,TELANGANA
29,14.876305,14.473122,17.380045,51.331097,99.99119,70.58354,167.76111,131.01242,122.443115,205.85689,162.90611,60.154934,2028,RAYALSEEMA
30,13.45657,13.986206,6.7960825,17.408056,58.174107,115.83478,351.9679,267.52347,196.35733,87.16313,32.16943,1.045351,2028,TAMIL NADU
31,48.959927,49.069523,38.654377,32.54659,58.68279,121.13818,427.6206,393.7292,180.26248,49.510197,0.0,11.223527,2028,COASTAL KARNATAKA
32,13.809779,21.377728,13.710507,16.08521,52.17432,138.12584,403.59995,315.34085,191.6017,53.29623,23.474913,0.0,2028,NORTH INTERIOR KARNATAKA
33,22.148815,19.05278,1.188994,24.609348,73.4338,167.82431,425.85077,365.04083,203.11894,54.545113,35.74084,7.4185905,2028,SOUTH INTERIOR KARNATAKA
34,13.203942,16.60427,1.1652967,19.851368,92.57238,33.1673,204.10495,164.11136,74.18355,13.795236,24.003798,0.0,2028,KERALA
35,19.834225,29.1186,13.869679,21.345936,53.728893,125.21489,380.29813,320.9612,185.50781,64.4883,0.0,5.069324,2028,LAKSHADWEEP
0,68.55519,25.647568,35.329765,83.71945,332.30325,378.39215,440.8885,445.56125,410.391,288.122,215.51596,120.45333,2029,ANDAMAN & NICOBAR ISLANDS
1,37.82065,75.974846,127.11291,216.06784,251.32396,489.47366,630.8262,513.8633,376.59067,200.65977,7.4949365,23.95316,2029,ARUNACHAL PRADESH
2,15.169577,15.159585,51.39838,125.77107,243.19386,350.87045,482.8066,441.73483,266.2382,160.82117,6.036458,11.203373,2029,ASSAM & MEGHALAYA
3,15.5970745,25.861204,15.410349,34.555935,134.67592,167.74133,419.86584,324.78027,245.08525,61.897835,21.162882,0.16222416,2029,NAGA MANI MIZO TRIPURA
4,23.689693,32.332306,17.026262,47.003773,95.094604,225.22502,515.3428,454.2855,257.48227,81.24003,32.086662,7.3282356,2029,SUB HIMALAYAN WEST BENGAL & SIKKIM
5,15.591186,25.52898,10.518984,43.433723,136.4289,98.429825,264.26782,217.10606,211.2784,206.38048,87.250595,10.20043,2029,GANGETIC WEST BENGAL
6,7.5907507,1.6977695,3.3641036,22.888975,141.95068,782.55493,1171.0078,805.14246,322.52377,152.76384,73.21315,8.516201,2029,ORISSA
7,16.675737,22.509993,13.113677,7.0358844,49.71846,131.65741,463.87543,405.41113,192.38516,46.43778,1.4439067,0.0,2029,JHARKHAND
8,11.152829,10.363542,0.0,4.4012694,39.538006,61.11134,344.52164,287.02304,114.11588,34.973278,1.8313872,0.0,2029,BIHAR
9,15.135942,15.126086,6.959947,13.335556,39.591816,108.458725,361.50903,323.81277,191.24597,61.62863,0.0,0.0,2029,EAST UTTAR PRADESH
10,13.630952,23.067434,26.353033,42.950233,121.529785,240.69553,384.88675,345.69717,251.91664,94.92343,22.389431,0.0,2029,WEST UTTAR PRADESH
11,13.308198,2.7077527,0.0,5.7876515,40.29908,145.35895,363.0309,287.16898,134.1619,28.897327,15.276521,0.0,2029,UTTARAKHAND
12,24.029686,28.977192,12.375564,15.795832,60.489544,61.850124,227.50002,174.70389,85.97539,33.23715,0.0,0.0,2029,HARYANA DELHI & CHANDIGARH
13,82.00236,83.289116,73.4831,71.75432,101.20415,72.51795,372.99213,299.14404,146.47723,53.890648,18.591497,37.115883,2029,PUNJAB
14,83.7367,115.81329,136.12563,114.68011,139.53665,98.13277,252.26617,246.5206,115.35954,46.08224,22.112568,41.634983,2029,HIMACHAL PRADESH
15,17.165836,18.51159,9.2748,2.3069272,41.24446,136.3172,352.39462,338.3594,200.85971,88.98462,4.0667315,0.0,2029,JAMMU & KASHMIR
16,15.928826,9.905527,29.48744,79.414314,212.53163,463.2209,687.06757,460.06345,215.71806,275.71173,143.20323,37.447018,2029,WEST RAJASTHAN
17,3.6031919,0.0,0.0,0.952584,19.61223,601.8443,1089.3796,777.1126,372.63712,94.66049,18.795551,0.0,2029,EAST RAJASTHAN
18,27.227331,14.192897,5.6350136,39.19788,172.42618,286.41388,318.13287,238.26753,155.84906,186.72305,105.52424,55.60061,2029,WEST MADHYA PRADESH
19,1.2366065,3.0287168,3.8781798,11.278272,44.670357,118.218925,381.5024,272.79297,170.67888,90.22934,3.8912807,0.0,2029,EAST MADHYA PRADESH
20,0.0,5.628331,0.906949,13.353061,47.883667,131.94598,269.67313,210.72858,175.51834,81.690575,17.905514,0.0,2029,GUJARAT REGION
21,0.0,9.3356905,43.410458,117.10778,198.68515,318.0587,379.15485,386.6106,235.17438,153.07013,35.692387,1.9054857,2029,SAURASHTRA & KUTCH
22,3.9892843,15.576813,6.9117,47.453735,103.83665,115.23644,233.11397,212.34776,157.61305,125.72722,46.173107,0.0,2029,KONKAN & GOA
23,6.218524,12.681292,10.431733,19.48804,65.79881,164.86082,378.29037,347.16888,228.72093,110.15974,18.90492,0.0,2029,MADHYA MAHARASHTRA
24,21.407688,27.8422,24.243692,13.673148,45.83988,21.197365,221.79224,144.7106,79.70535,28.482887,1.6079959,0.0,2029,MATATHWADA
25,12.789326,4.8322363,3.9725838,14.498889,82.38506,35.832767,179.86772,116.75761,125.04335,167.02466,102.74076,35.97596,2029,VIDARBHA
26,0.0,0.0,0.0,7.2698226,20.745884,61.17763,332.91345,171.40218,102.83454,36.444843,13.900396,0.0,2029,CHHATTISGARH
27,4.232788,0.0,0.94666195,32.26096,95.238144,84.21639,279.83713,182.81683,124.12244,132.2916,45.453705,0.41850975,2029,COASTAL ANDHRA PRADESH
28,17.577227,13.783841,14.866789,77.40749,216.89441,400.19745,616.8647,523.93884,363.53064,116.8142,7.5722623,0.0,2029,TELANGANA
29,15.476888,15.200721,17.528036,48.612663,102.39899,67.9989,171.63425,132.66695,118.798874,208.69235,163.40953,60.964413,2029,RAYALSEEMA
30,13.435943,13.12948,6.481884,18.526625,55.78515,114.71552,342.1981,267.46652,194.33131,84.53914,31.07015,0.0,2029,TAMIL NADU
31,48.225925,49.683807,39.964664,33.246487,56.387966,107.22041,434.27365,392.40164,171.87263,52.056286,0.0,13.492189,2029,COASTAL KARNATAKA
32,13.122452,21.048187,12.684814,17.10643,51.747166,139.70854,395.7081,311.85995,189.95927,54.077007,22.548714,0.0,2029,NORTH INTERIOR KARNATAKA
33,22.135115,18.159353,2.1150246,22.101267,66.21858,156.45674,422.15915,363.85495,196.33397,54.698383,35.00012,7.0735908,2029,SOUTH INTERIOR KARNATAKA
34,13.070726,16.174229,2.349165,16.963848,83.81952,25.589306,196.3526,161.24187,67.86984,16.11835,23.055689,0.0,2029,KERALA
35,17.250067,27.704601,14.132084,22.237892,46.081234,114.149994,379.97995,321.205,181.62015,60.344425,0.0,2.1575162,2029,LAKSHADWEEP
0,68.37684,25.600172,35.351376,83.47319,332.07684,376.42105,440.31406,445.4304,410.08295,288.04553,215.45932,120.463745,2030,ANDAMAN & NICOBAR ISLANDS
1,37.720966,75.79278,127.07669,215.6552,251.19098,488.5877,631.66956,514.2053,376.56918,201.05339,7.5517054,24.146994,2030,ARUNACHAL PRADESH
2,15.08538,14.910981,51.202385,125.25295,241.57887,349.1777,480.8181,441.0554,265.49063,160.64789,5.9461074,11.063683,2030,ASSAM & MEGHALAYA
3,15.83722,25.052183,16.010778,35.06499,132.71555,160.02797,412.43976,320.4129,243.32198,60.526955,21.331438,0.0,2030,NAGA MANI MIZO TRIPURA
4,23.701822,30.833622,15.933287,44.72299,90.814224,219.76726,508.07993,448.10104,254.25967,80.36123,29.027922,6.7759247,2030,SUB HIMALAYAN WEST BENGAL & SIKKIM
5,14.936058,24.872023,11.106405,42.06154,133.1754,92.65582,261.70392,218.06595,206.85983,206.47289,88.04005,9.41467,2030,GANGETIC WEST BENGAL
6,5.916962,0.32109788,2.4893935,23.64012,143.21219,790.196,1175.7491,802.0576,323.76407,152.21024,71.1299,8.236489,2030,ORISSA
7,15.609195,22.010326,12.791353,6.718634,48.29313,129.80234,465.78214,406.1114,192.0984,45.908665,0.2719025,0.0,2030,JHARKHAND
8,10.374214,10.231216,0.0,3.2012773,36.85915,58.99773,340.1596,284.69452,111.444756,34.859116,1.1765101,0.0,2030,BIHAR
9,15.083312,15.157952,6.9545913,13.29966,39.713326,108.3886,362.04132,324.07965,191.41902,61.677826,0.0,0.0,2030,EAST UTTAR PRADESH
10,14.562461,24.665487,25.457685,42.95207,122.511284,242.37111,383.77682,347.94373,252.97118,94.76121,23.118114,0.0,2030,WEST UTTAR PRADESH
11,12.441857,2.4541163,0.0,5.322843,38.324738,142.97816,361.89487,285.3675,132.13278,28.104458,14.63698,0.0,2030,UTTARAKHAND
12,24.134876,29.09301,12.32526,15.84675,60.761993,62.31857,228.16806,174.87527,86.584236,33.35213,0.0,0.0,2030,HARYANA DELHI & CHANDIGARH
13,82.3113,84.07799,73.65529,71.911995,102.591545,73.67328,374.25128,300.34723,146.99835,54.665356,18.577942,37.606613,2030,PUNJAB
14,83.13768,117.17147,137.03221,114.015564,140.45598,97.70802,260.11572,254.47125,114.22442,45.151424,23.705393,40.568607,2030,HIMACHAL PRADESH
15,17.808762,18.116188,8.6985855,1.6733935,43.32976,138.76869,350.7525,336.5324,203.34941,89.41641,3.455521,0.0,2030,JAMMU & KASHMIR
16,16.121979,10.469806,29.631329,81.59358,218.05536,476.41833,698.9546,460.6192,219.13954,278.41696,142.06561,38.77984,2030,WEST RAJASTHAN
17,2.515957,0.0,0.0,1.5511348,19.12169,603.37665,1092.1799,776.73175,373.4607,93.415855,17.815851,0.0,2030,EAST RAJASTHAN
18,27.569006,15.743407,6.510969,40.333282,175.86298,291.00128,324.51837,239.72432,157.94615,188.19322,106.3032,56.748363,2030,WEST MADHYA PRADESH
19,1.10353,2.9028637,4.1054616,11.220737,44.747463,118.77582,382.34125,273.79547,171.81119,90.54925,4.0973735,0.0,2030,EAST MADHYA PRADESH
20,0.0,5.2911134,0.7808591,13.935685,47.4087,132.205,268.87854,211.14207,174.81465,81.70276,16.727652,0.0,2030,GUJARAT REGION
21,0.008758692,10.656004,44.590088,118.76564,202.90321,322.3407,390.37286,392.15674,239.07819,154.94717,37.4086,2.2101464,2030,SAURASHTRA & KUTCH
22,4.091079,15.379867,7.933242,47.159286,105.0015,111.30805,231.55293,211.17471,156.99474,125.55278,46.05683,0.0,2030,KONKAN & GOA
23,6.7011476,12.867713,10.818951,20.596785,66.19873,164.84192,377.13132,348.17853,230.09436,109.45001,19.264175,0.0,2030,MADHYA MAHARASHTRA
24,21.32713,27.350256,23.641556,13.542847,46.35215,19.98889,220.25453,142.38881,80.17975,27.555004,0.5216235,0.0,2030,MATATHWADA
25,12.198023,5.1765337,4.2986636,14.211399,81.54601,35.794876,181.04576,118.59566,124.35907,166.62544,103.199425,35.4891,2030,VIDARBHA
26,0.0,0.0,0.0,6.059065,19.713228,59.897972,333.0893,170.99971,102.60018,35.18052,12.608115,0.0,2030,CHHATTISGARH
27,3.529292,0.0,0.6473537,32.437267,95.09852,85.589584,279.41382,180.8397,126.069305,131.91519,44.775536,0.50473034,2030,COASTAL ANDHRA PRADESH
28,17.579874,13.838201,15.349472,78.52354,220.6102,404.62546,623.1087,528.4124,367.23856,117.888145,8.206341,0.0,2030,TELANGANA
29,15.772457,15.771669,17.712404,48.341232,105.43134,65.15331,174.46498,135.48714,122.8,207.87646,164.60464,60.9931,2030,RAYALSEEMA
30,14.117269,12.954119,6.630471,19.115458,52.708843,113.79792,339.515,268.3041,193.24438,83.92073,30.900307,0.0,2030,TAMIL NADU
31,48.30456,46.765797,38.73916,32.31556,54.26049,102.453476,423.37192,385.03506,168.82788,48.275173,0.0,12.776825,2030,COASTAL KARNATAKA
32,12.979634,21.149902,12.416188,17.074453,49.42971,137.00197,401.04382,314.62708,188.71295,53.377823,22.490166,0.0,2030,NORTH INTERIOR KARNATAKA
33,21.492023,16.969053,2.146582,19.506477,62.95679,148.62059,415.1378,357.3137,193.8392,54.010456,33.67214,6.8827343,2030,SOUTH INTERIOR KARNATAKA
34,12.224412,13.449163,0.92459565,13.755804,75.24644,16.82183,187.35712,155.76442,62.126194,11.295333,21.651754,0.0,2030,KERALA
35,17.011103,27.331331,14.167571,20.833296,47.519936,109.662315,375.03195,315.89557,179.27728,61.95082,0.0,1.2820404,2030,LAKSHADWEEP
